image_id,level,kernel_px,fourier_area,laplacian_complexity,bremola_raw,bremola_0_100,score_status,laplacian_variance,dark_ratio,bright_ratio,saturation_ratio,entropy_bits
b1cebfb7-284f5117,0,1,1216297,16381790,300.5100206753902,60.10200413507804,ok,1049.8337715174036,4.822530864197531e-06,0.0014400077160493826,0.00144483024691358,7.6767419769097955
b1cebfb7-284f5117,1,3,607137,10098158,191.0581726015019,38.21163452030038,ok,357.5584719687378,3.375771604938272e-06,0.0011337770061728395,0.0011371527777777777,7.666340754191072
b1cebfb7-284f5117,2,5,409669,6159040,165.0732072731657,33.01464145463314,ok,116.2776311713511,9.645061728395062e-07,0.0009635416666666667,0.0009645061728395062,7.656047822666429
b1cebfb7-284f5117,3,7,348713,4653792,161.64588518274803,32.32917703654961,ok,56.83033504680533,0.0,0.0008333333333333334,0.0008333333333333334,7.649020555775341
b1cebfb7-284f5117,4,9,296123,3787184,152.16470824539905,30.43294164907981,ok,34.23458716929571,0.0,0.0007002314814814815,0.0007002314814814815,7.641147474430825
b1cebfb7-284f5117,5,11,262063,3264822,145.03604693192582,29.007209386385163,ok,23.594455998141846,0.0,0.000580150462962963,0.000580150462962963,7.634838417284488
b1d10d08-c35503b8,0,1,1112147,15390680,283.4870929485899,56.697418589717984,ok,1039.1938695644724,0.0008550347222222222,0.00010561342592592592,0.0009606481481481481,7.589507065498604
b1d10d08-c35503b8,1,3,564169,9880142,179.48477940650417,35.89695588130083,ok,370.4984992145484,0.0006905864197530864,4.822530864197531e-06,0.000695408950617284,7.584225564746079
b1d10d08-c35503b8,2,5,386579,6261416,154.49057122111626,30.89811424422325,ok,121.77354544428233,0.0005680941358024691,0.0,0.0005680941358024691,7.579884424709256
b1d10d08-c35503b8,3,7,321973,4580894,150.43342135792838,30.086684271585675,ok,55.97604541332289,0.0004306520061728395,0.0,0.0004306520061728395,7.577147888763621
b1d10d08-c35503b8,4,9,271489,3712562,140.90142335528483,28.180284671056967,ok,32.78754629316684,0.00033468364197530864,0.0,0.00033468364197530864,7.57368545154828
b1d10d08-c35503b8,5,11,239749,3207592,133.86506202972848,26.773012405945696,ok,22.581165122113475,0.0002507716049382716,0.0,0.0002507716049382716,7.570162884377414
b1d7b3ac-36f2d3b7,0,1,829645,9418537,270.33394122448124,54.066788244896244,ok,408.49588655543084,0.0,0.00455054012345679,0.00455054012345679,7.348713768574253
b1d7b3ac-36f2d3b7,1,3,509527,6213268,204.41236316108694,40.882472632217386,ok,149.95104606681585,0.0,0.004196566358024691,0.004196566358024691,7.343994563002207
b1d7b3ac-36f2d3b7,2,5,381027,4083328,188.55958687115105,37.71191737423021,ok,52.445952735253215,0.0,0.003790509259259259,0.003790509259259259,7.340138549672611
b1d7b3ac-36f2d3b7,3,7,334871,3090048,190.49997639445675,38.09999527889135,ok,26.292893494104465,0.0,0.0033670910493827162,0.0033670910493827162,7.336908360296466
b1d7b3ac-36f2d3b7,4,9,309551,2730224,187.3411023339975,37.4682204667995,ok,18.29562482638889,0.0,0.0029248649691358025,0.0029248649691358025,7.33294151376186
b1d7b3ac-36f2d3b7,5,11,293605,2441562,187.90120649806323,37.580241299612645,ok,13.705594129848727,0.0,0.0025294174382716047,0.0025294174382716047,7.328390738205074
b1d7b3ac-5744370e,0,1,761527,6719636,293.77337443642455,58.75467488728491,ok,265.09341624252863,0.0,0.00013840663580246915,0.00013840663580246915,7.446347688783375
b1d7b3ac-5744370e,1,3,446550,4590502,208.42029354386565,41.68405870877313,ok,101.72037775152178,0.0,9.403935185185185e-05,9.403935185185185e-05,7.446753278044129
b1d7b3ac-5744370e,2,5,313151,3491356,167.5933320927016,33.51866641854032,ok,42.152584848378304,0.0,6.124614197530864e-05,6.124614197530864e-05,7.44656840577964
b1d7b3ac-5744370e,3,7,264841,2864390,156.48371380294842,31.296742760589684,ok,22.80831982852686,0.0,4.6296296296296294e-05,4.6296296296296294e-05,7.447707569439023
b1d7b3ac-5744370e,4,9,236077,2528540,148.46318164671646,29.692636329343294,ok,15.536996450080514,0.0,3.2310956790123456e-05,3.2310956790123456e-05,7.4483762683279435
b1d7b3ac-5744370e,5,11,213931,2313650,140.64519212262402,28.129038424524804,ok,11.826238425743615,0.0,1.8325617283950617e-05,1.8325617283950617e-05,7.449056889072693
b1d7b3ac-5af8623b,0,1,666823,6041615,271.2901638067649,54.25803276135298,ok,289.5753112002943,0.0,0.001935763888888889,0.001935763888888889,7.542021358540101
b1d7b3ac-5af8623b,1,3,423535,4171612,207.36590491180345,41.47318098236069,ok,106.64880400067642,0.0,0.0017867476851851853,0.0017867476851851853,7.542215308283104
b1d7b3ac-5af8623b,2,5,309767,3209058,172.92045376144537,34.58409075228907,ok,41.72109952735848,0.0,0.0015625,0.0015625,7.5427237574437225
b1d7b3ac-5af8623b,3,7,265345,2660058,162.69168433897383,32.53833686779477,ok,22.161446758630397,0.0,0.0013165509259259259,0.0013165509259259259,7.542744685575279
b1d7b3ac-5af8623b,4,9,240659,2365404,156.47661561446503,31.295323122893006,ok,14.92036626273134,0.0,0.0011082175925925925,0.0011082175925925925,7.5418931940056355
b1d7b3ac-5af8623b,5,11,223783,2185598,151.37074532990184,30.274149065980367,ok,11.79073687303749,0.0,0.0008892746913580247,0.0008892746913580247,7.541327336254976
b1d7b3ac-995f9d8a,0,1,1046819,13674505,283.0843036219743,56.61686072439486,ok,743.4198267817422,0.002583912037037037,0.006820987654320988,0.009404899691358024,7.5528410662431025
b1d7b3ac-995f9d8a,1,3,577803,9035278,192.22462954579947,38.44492590915989,ok,276.73505390353745,0.0025573881172839506,0.006274112654320987,0.008831500771604939,7.554714164994583
b1d7b3ac-995f9d8a,2,5,425325,6097994,172.2373814885788,34.44747629771576,ok,105.08322509963209,0.0025438850308641976,0.005717110339506173,0.00826099537037037,7.556165960876635
b1d7b3ac-995f9d8a,3,7,369059,4539292,173.2214781925858,34.644295638517164,ok,50.79706018455631,0.0025163966049382715,0.005216531635802469,0.00773292824074074,7.556735103828098
b1d7b3ac-995f9d8a,4,9,329067,3701610,171.03657925148116,34.20731585029623,ok,30.76341413031311,0.0025014467592592592,0.00472559799382716,0.00722704475308642,7.555758534785364
b1d7b3ac-995f9d8a,5,11,301271,3201540,168.375098527571,33.6750197055142,ok,21.439359566260233,0.0024715470679012347,0.004263117283950618,0.006734664351851853,7.554575192554545
b1dac7f7-6b2e0382,0,1,1130359,18901918,259.99407990669505,51.99881598133901,ok,1309.9344848143721,0.0054528356481481485,0.0004118441358024691,0.005864679783950617,7.534182433962599
b1dac7f7-6b2e0382,1,3,609392,12365509,173.29688231347905,34.65937646269581,ok,503.8098611102742,0.0053491512345679015,0.0003327546296296296,0.005681905864197531,7.529850663656999
b1dac7f7-6b2e0382,2,5,438510,7803986,156.97166355779967,31.394332711559933,ok,173.06288948202655,0.005138888888888889,0.0002748842592592593,0.0054137731481481485,7.5269852171536895
b1dac7f7-6b2e0382,3,7,376388,5563644,159.5717846678277,31.91435693356554,ok,78.2167621645513,0.00484278549382716,0.0002189429012345679,0.005061728395061728,7.526488454450811
b1dac7f7-6b2e0382,4,9,327572,4445860,155.3563041327163,31.07126082654326,ok,45.90268122585384,0.004574170524691358,0.00017505787037037037,0.004749228395061728,7.525491104858513
b1dac7f7-6b2e0382,5,11,295316,3759120,152.3154235684163,30.46308471368326,ok,30.717754393325617,0.004067322530864197,0.0001306905864197531,0.00419801311728395,7.524276110201667
b1dce572-c6a8cb5e,0,1,1062030,16114480,264.5627138651498,52.91254277302996,ok,907.0635528305243,0.02991849922839506,0.0005632716049382716,0.03048177083333333,7.712284533428328
b1dce572-c6a8cb5e,1,3,613539,10326166,190.92931875547802,38.1858637510956,ok,337.16706597201306,0.02982590663580247,0.00048369984567901236,0.030309606481481483,7.704529157170804
b1dce572-c6a8cb5e,2,5,459591,6510326,180.12340469973256,36.02468093994651,ok,115.70359181013697,0.029760320216049383,0.00043354552469135804,0.03019386574074074,7.696328969667071
b1dce572-c6a8cb5e,3,7,400601,4767744,183.46598839348263,36.69319767869653,ok,55.105684784847206,0.02927517361111111,0.0003824266975308642,0.029657600308641976,7.690534984050261
b1dce572-c6a8cb5e,4,9,358188,3903294,181.29899640764262,36.25979928152852,ok,33.698707549210646,0.028537808641975308,0.00033902391975308645,0.028876832561728395,7.686094137570004
b1dce572-c6a8cb5e,5,11,328579,3391734,178.41399217651363,35.68279843530273,ok,23.604789561623576,0.02785011574074074,0.00030381944444444445,0.028153935185185185,7.683176133449541
b1df722f-57d21f3f,0,1,886997,7071744,333.5484183658963,66.70968367317926,ok,348.71871912328476,4.822530864197531e-07,1.7843364197530866e-05,1.832561728395062e-05,7.64415187144595
b1df722f-57d21f3f,1,3,509941,4849504,231.56412127247404,46.31282425449481,ok,130.54436700662163,0.0,9.645061728395062e-07,9.645061728395062e-07,7.64174840585232
b1df722f-57d21f3f,2,5,366387,3648568,191.81335136514772,38.36267027302954,ok,52.03677275711289,0.0,0.0,0.0,7.639424801847754
b1df722f-57d21f3f,3,7,314571,3022766,180.9324310952706,36.18648621905412,ok,27.78030848711849,0.0,0.0,0.0,7.637768033771408
b1df722f-57d21f3f,4,9,281125,2649054,172.72454717403494,34.54490943480699,ok,18.184486858301973,0.0,0.0,0.0,7.635516400961194
b1df722f-57d21f3f,5,11,257243,2400128,166.0452146747178,33.20904293494356,ok,13.488637810781603,0.0,0.0,0.0,7.6331497676670015
b1df722f-5bcc3db7,0,1,964121,8700263,326.8626911137459,65.37253822274917,ok,435.5751577335382,0.0,0.0019478202160493827,0.0019478202160493827,7.657100803284843
b1df722f-5bcc3db7,1,3,505355,5587158,213.79674577650698,42.75934915530139,ok,146.74782015790734,0.0,0.001925636574074074,0.001925636574074074,7.658339858541055
b1df722f-5bcc3db7,2,5,340759,3871546,173.18294604149187,34.636589208298375,ok,50.48157406401227,0.0,0.0018918788580246913,0.0018918788580246913,7.659714912707146
b1df722f-5bcc3db7,3,7,287357,3063028,164.18984677505193,32.83796935501039,ok,25.73597208930123,0.0,0.0018668016975308642,0.0018668016975308642,7.661724828813188
b1df722f-5bcc3db7,4,9,250363,2653084,153.70735406359375,30.741470812718752,ok,17.101759251724044,0.0,0.001830150462962963,0.001830150462962963,7.663398244553073
b1df722f-5bcc3db7,5,11,224925,2399776,145.19523912688533,29.039047825377065,ok,12.88982630178192,0.0,0.0017640817901234567,0.0017640817901234567,7.665063815655194
b1e3e9f5-92377424,0,1,893143,10854201,271.095350386451,54.2190700772902,ok,535.6512598526233,5.787037037037037e-06,0.0005608603395061728,0.0005666473765432098,7.324446062589898
b1e3e9f5-92377424,1,3,557787,7345676,205.80338035098825,41.16067607019765,ok,204.68806478177063,0.0,0.00043306327160493827,0.00043306327160493827,7.320181602565281
b1e3e9f5-92377424,2,5,434249,5266210,189.22989147839303,37.845978295678606,ok,85.32624356437621,0.0,0.00033227237654320985,0.00033227237654320985,7.31587435774912
b1e3e9f5-92377424,3,7,380479,4093256,188.05991607050547,37.611983214101095,ok,43.97504354506388,0.0,0.00027391975308641974,0.00027391975308641974,7.312658349485666
b1e3e9f5-92377424,4,9,342277,3437924,184.59910068051585,36.91982013610317,ok,27.73826826078103,0.0,0.0002160493827160494,0.0002160493827160494,7.309364316551842
b1e3e9f5-92377424,5,11,312719,3034636,179.51509195226166,35.90301839045233,ok,19.833832356613623,0.0,0.0001663773148148148,0.0001663773148148148,7.306254943465179
b1e8ad72-c3c79240,0,1,695709,6617074,270.4547577975854,54.09095155951708,ok,245.99140837471842,8.921682098765432e-05,0.0012374614197530865,0.001326678240740741,7.165121023700343
b1e8ad72-c3c79240,1,3,435825,4782656,199.28635619946667,39.857271239893336,ok,115.00180555322989,6.26929012345679e-05,0.0011786265432098765,0.0012413194444444444,7.1664708700989
b1e8ad72-c3c79240,2,5,321423,3726474,166.505238856661,33.3010477713322,ok,50.672974518279055,1.253858024691358e-05,0.001101466049382716,0.0011140046296296295,7.168213842453843
b1e8ad72-c3c79240,3,7,276125,3021526,158.85195388842482,31.770390777684963,ok,26.187596438947953,5.787037037037037e-06,0.0010358796296296297,0.0010416666666666667,7.170881417182858
b1e8ad72-c3c79240,4,9,253291,2647454,155.6702228584918,31.13404457169836,ok,17.318016967773442,0.0,0.0009722222222222222,0.0009722222222222222,7.172952071366409
b1e8ad72-c3c79240,5,11,233259,2409760,150.26281266968977,30.05256253393795,ok,13.149652777148912,0.0,0.000900366512345679,0.000900366512345679,7.174277325367893
b1f0efd9-e900c6e5,0,1,1031989,13956281,276.24232182706214,55.24846436541243,ok,962.1701003331083,0.0011434220679012346,0.00216820987654321,0.0033116319444444443,7.445996843411494
b1f0efd9-e900c6e5,1,3,582437,9231009,191.70099589196883,38.34019917839377,ok,364.20220254628174,0.0010532407407407407,0.0014814814814814814,0.002534722222222222,7.447363812868305
b1f0efd9-e900c6e5,2,5,424079,5942388,173.96675578212503,34.793351156425004,ok,121.56708868571368,0.0009587191358024691,0.0009500385802469136,0.0019087577160493826,7.451725674124223
b1f0efd9-e900c6e5,3,7,367011,4416756,174.6334272204373,34.92668544408746,ok,58.03131482618645,0.0008251350308641975,0.0005811149691358025,0.00140625,7.454696101893244
b1f0efd9-e900c6e5,4,9,322707,3646032,169.00445310621174,33.800890621242345,ok,35.576751498999634,0.0005864197530864197,0.0004976851851851852,0.001084104938271605,7.4559239375303035
b1f0efd9-e900c6e5,5,11,293095,3135570,165.51987871359907,33.10397574271981,ok,23.59088705602574,0.0004147376543209877,0.00044077932098765435,0.000855516975308642,7.457832816583622
b1f4491b-97465266,0,1,925157,13226404,254.38678528935708,50.877357057871414,ok,615.3112377055236,0.0005700231481481482,0.026127989969135804,0.026698013117283953,7.550466339935372
b1f4491b-97465266,1,3,584177,9110320,193.5430756077018,38.70861512154036,ok,258.99703692562673,0.00046875,0.0249170524691358,0.025385802469135802,7.551376685007709
b1f4491b-97465266,2,5,452865,6233180,181.3902431486794,36.27804862973588,ok,102.08886932548496,0.0003187692901234568,0.023390239197530863,0.02370900848765432,7.55350469278245
b1f4491b-97465266,3,7,395429,4683140,182.72583113931617,36.545166227863234,ok,50.930306696008756,0.00018132716049382717,0.02189091435185185,0.02207224151234568,7.556275318549445
b1f4491b-97465266,4,9,353733,3856364,180.13021498771016,36.026042997542035,ok,31.650675029705454,0.00015287422839506173,0.02045283564814815,0.02060570987654321,7.558447625189894
b1f4491b-97465266,5,11,320067,3350878,174.8483712524943,34.96967425049886,ok,22.233888831673433,0.00014274691358024693,0.019161361882716048,0.019304108796296293,7.560163183314426
b1f62c41-ed0c6521,0,1,1162519,21367073,251.4939504301385,50.2987900860277,ok,1520.1754475553319,0.0,0.0018942901234567902,0.0018942901234567902,7.487531565288629
b1f62c41-ed0c6521,1,3,642587,12542636,181.44187526429877,36.288375052859756,ok,480.7532291371923,0.0,0.0015335648148148149,0.0015335648148148149,7.4746708961734445
b1f62c41-ed0c6521,2,5,470299,7371700,173.21688683388481,34.64337736677696,ok,147.8270370348936,0.0,0.0013763503086419754,0.0013763503086419754,7.461134626845434
b1f62c41-ed0c6521,3,7,397945,5202752,174.46426692396594,34.892853384793185,ok,67.83493822657978,0.0,0.0012683256172839506,0.0012683256172839506,7.449659175488581
b1f62c41-ed0c6521,4,9,343351,4175574,168.02744524278992,33.605489048557985,ok,40.73209876208309,0.0,0.00119164737654321,0.00119164737654321,7.438827725457124
b1f62c41-ed0c6521,5,11,304247,3523298,162.08828081643264,32.41765616328653,ok,27.340433955364485,0.0,0.001134741512345679,0.001134741512345679,7.4273448866186715
b1ff4656-94ee8536,0,1,1110019,18138430,260.63369792713695,52.12673958542739,ok,1227.0186829267964,0.002525077160493827,0.003384934413580247,0.0059100115740740745,7.7508420962237725
b1ff4656-94ee8536,1,3,624593,12024238,180.12265123819654,36.024530247639305,ok,483.1229659262509,0.002372685185185185,0.0023389274691358024,0.004711612654320988,7.753379298087829
b1ff4656-94ee8536,2,5,464063,7709280,167.1360113013102,33.427202260262035,ok,168.84416948760077,0.0021238425925925925,0.0017901234567901235,0.003913966049382716,7.762009871724876
b1ff4656-94ee8536,3,7,402093,5553222,170.62945154188492,34.12589030837698,ok,77.02925449096708,0.001935763888888889,0.0014935378086419753,0.0034293016975308643,7.770230313247242
b1ff4656-94ee8536,4,9,354695,4463446,167.8881037762626,33.57762075525252,ok,45.50480506158007,0.0017293595679012345,0.0013286072530864198,0.0030579668209876542,7.777021607468282
b1ff4656-94ee8536,5,11,319305,3803888,163.71627646828014,32.74325529365603,ok,30.674992214109512,0.0015986689814814815,0.0011641589506172839,0.002762827932098765,7.781552189300104
b202cae2-672e61c5,0,1,1034561,13000078,286.9347340505737,57.386946810114736,ok,831.3830944341955,0.03166136188271605,0.00021701388888888888,0.03187837577160494,7.7237096240159815
b202cae2-672e61c5,1,3,542507,8262536,188.73335663169686,37.746671326339374,ok,291.65949610893125,0.031143422067901234,0.00010416666666666667,0.0312475887345679,7.719974911150381
b202cae2-672e61c5,2,5,379977,5219986,166.31163781921464,33.26232756384293,ok,93.36183833850919,0.030728684413580246,4.967206790123457e-05,0.03077835648148148,7.714041886142123
b202cae2-672e61c5,3,7,325353,3987384,162.93364928726967,32.58672985745393,ok,44.601631409943515,0.03033323688271605,2.0736882716049384e-05,0.0303539737654321,7.708502286334331
b202cae2-672e61c5,4,9,280771,3329918,153.8634546422777,30.77269092845554,ok,27.30016761508285,0.029927179783950618,5.787037037037037e-06,0.029932966820987655,7.704013163006257
b202cae2-672e61c5,5,11,247975,2924648,145.0010333361156,29.000206667223118,ok,19.135559312273603,0.029619020061728396,0.0,0.029619020061728396,7.699393632915795
b202cae2-f46c74a6,0,1,975845,10728088,297.93373259550384,59.58674651910077,ok,639.5193819356914,0.030067033179012347,0.004874131944444445,0.03494116512345679,7.00343069790077
b202cae2-f46c74a6,1,3,540524,7132536,202.39183864862179,40.478367729724354,ok,243.25314670388548,0.02937355324074074,0.004165219907407407,0.03353877314814815,7.006074607880527
b202cae2-f46c74a6,2,5,383019,4787728,175.04736730416897,35.009473460833796,ok,86.2188281573726,0.028703221450617284,0.003525270061728395,0.03222849151234568,7.008683609993214
b202cae2-f46c74a6,3,7,327470,3633728,171.7889843680114,34.35779687360228,ok,41.3765448544033,0.028136574074074074,0.0030907600308641976,0.031227334104938272,7.01091233722638
b202cae2-f46c74a6,4,9,286493,3032954,164.50575789625904,32.90115157925181,ok,25.09067652855994,0.02756269290123457,0.00271412037037037,0.03027681327160494,7.011629865622012
b202cae2-f46c74a6,5,11,254787,2668566,155.96900119993694,31.19380023998739,ok,17.66041110819377,0.027155671296296296,0.0024165702160493826,0.02957224151234568,7.01311633404973
b205eb4d-f84aaa1a,0,1,952791,12259553,272.1199161245773,54.42398322491546,ok,725.6270081949945,0.1142505787037037,0.0036395640432098767,0.11789014274691358,7.484002837461292
b205eb4d-f84aaa1a,1,3,549897,8203564,191.99064386415947,38.398128772831896,ok,277.542981188018,0.1133058449074074,0.003179976851851852,0.11648582175925926,7.488291502038893
b205eb4d-f84aaa1a,2,5,404579,5494112,172.60548099186343,34.52109619837269,ok,100.90455164364582,0.11249662422839506,0.002818287037037037,0.1153149112654321,7.4950484975255485
b205eb4d-f84aaa1a,3,7,348383,4151398,170.98569137056325,34.197138274112646,ok,49.21270806407165,0.11169511959876544,0.002439236111111111,0.11413435570987655,7.502087259286085
b205eb4d-f84aaa1a,4,9,306133,3398844,166.05216087570727,33.210432175141456,ok,29.491290359670565,0.11048900462962963,0.002092013888888889,0.11258101851851851,7.508670917916333
b205eb4d-f84aaa1a,5,11,273741,2971656,158.79637439483906,31.759274878967812,ok,20.9332599679778,0.10951919367283951,0.0018508873456790124,0.11137008101851852,7.513169567028801
b20841f9-cef732d5,0,1,1036965,9468877,336.98832939390127,67.39766587878026,ok,649.1642504200026,0.003996431327160494,0.011125578703703703,0.015122010030864198,7.0984424247368
b20841f9-cef732d5,1,3,584897,6257966,233.80984510978067,46.76196902195613,ok,241.20406235995296,0.003878761574074074,0.010652006172839507,0.014530767746913581,7.099300147634079
b20841f9-cef732d5,2,5,422579,4306384,203.63458245466754,40.726916490933505,ok,83.79674742780118,0.003778935185185185,0.01038966049382716,0.014168595679012345,7.102567192769977
b20841f9-cef732d5,3,7,361037,3303282,198.64557095848085,39.72911419169617,ok,37.91897144216946,0.0037003279320987656,0.010239197530864198,0.013939525462962964,7.104773367608467
b20841f9-cef732d5,4,9,316059,2827274,187.9681261584953,37.59362523169906,ok,23.142878010327223,0.003628472222222222,0.01007619598765432,0.013704668209876543,7.105781824329821
b20841f9-cef732d5,5,11,285797,2529802,179.68606577503,35.937213155006,ok,16.259286140816556,0.0034939236111111113,0.009912229938271604,0.013406153549382715,7.105133548881905
b20b69d2-64b9cdb8,0,1,795301,8477828,273.1424671860801,54.62849343721602,ok,420.231769761526,0.004524498456790123,0.0788035300925926,0.08332802854938272,7.128746857329931
b20b69d2-64b9cdb8,1,3,424411,5845124,175.5455266967524,35.10910533935048,ok,170.61138616867996,0.004357156635802469,0.07770688657407407,0.08206404320987654,7.134403734331965
b20b69d2-64b9cdb8,2,5,276626,4142836,135.90771981149422,27.181543962298843,ok,65.69700854457207,0.0041796875,0.07626302083333333,0.08044270833333333,7.141366239950379
b20b69d2-64b9cdb8,3,7,225707,3244728,125.30138750119578,25.060277500239156,ok,33.16278466833714,0.003974729938271605,0.07475983796296297,0.07873456790123458,7.148670958997895
b20b69d2-64b9cdb8,4,9,192792,2772042,115.794812975226,23.1589625950452,ok,21.46200983401862,0.00376929012345679,0.07325183256172839,0.07702112268518518,7.155345232307635
b20b69d2-64b9cdb8,5,11,168614,2485454,106.9524570810578,21.39049141621156,ok,15.756859318286892,0.0035464891975308644,0.07177276234567902,0.07531925154320988,7.162961653053802
b20b69d2-650e674d,0,1,1125499,17289321,270.67998556026816,54.13599711205363,ok,1065.7270928585008,1.54320987654321e-05,0.0017235725308641975,0.0017390046296296296,7.19346853538782
b20b69d2-650e674d,1,3,624659,11257142,186.17824383211112,37.23564876642222,ok,406.0319394607903,0.0,0.001404320987654321,0.001404320987654321,7.185648804943533
b20b69d2-650e674d,2,5,455135,7057914,171.31762813912337,34.26352562782468,ok,140.01098687717518,0.0,0.0010513117283950618,0.0010513117283950618,7.181017517075577
b20b69d2-650e674d,3,7,390735,5003442,174.6818890754958,34.93637781509916,ok,62.51530857008015,0.0,0.0007966820987654321,0.0007966820987654321,7.178759461688915
b20b69d2-650e674d,4,9,339669,3987716,170.09588305958866,34.01917661191773,ok,35.99079663583729,0.0,0.0006129436728395061,0.0006129436728395061,7.177070831260746
b20b69d2-650e674d,5,11,304239,3373286,165.64880339076586,33.129760678153175,ok,23.99700021618687,0.0,0.0004894868827160494,0.0004894868827160494,7.175004366836484
b20b69d2-6e2b9e73,0,1,1103687,16318358,273.2169877176318,54.64339754352636,ok,1284.1106465595926,0.00023775077160493826,0.0024156057098765433,0.0026533564814814814,7.51654004247687
b20b69d2-6e2b9e73,1,3,654957,10802519,199.2738303536513,39.854766070730264,ok,507.4082242797012,0.00013165509259259258,0.0018185763888888889,0.0019502314814814814,7.511549041643583
b20b69d2-6e2b9e73,2,5,496047,7025106,187.15282484709422,37.430564969418846,ok,180.9434727688866,5.9799382716049385e-05,0.0014168595679012346,0.001476658950617284,7.508658136291912
b20b69d2-6e2b9e73,3,7,428519,5210220,187.73361886128873,37.54672377225775,ok,86.59573870482062,2.9417438271604938e-05,0.0011067708333333333,0.0011361882716049382,7.506399879086118
b20b69d2-6e2b9e73,4,9,375185,4239052,182.22631579988737,36.44526315997747,ok,51.224153100209136,9.645061728395062e-07,0.0008854166666666666,0.0008863811728395062,7.503459010606181
b20b69d2-6e2b9e73,5,11,334933,3587298,176.83743697463464,35.367487394926926,ok,32.63181131143869,9.645061728395062e-07,0.0007272376543209876,0.0007282021604938272,7.500597463740231
b20b69d2-7767e6b6,0,1,1097557,14878064,284.546909252772,56.909381850554404,ok,911.4647683384185,1.3503086419753087e-05,0.00013792438271604938,0.00015142746913580246,7.652348657925446
b20b69d2-7767e6b6,1,3,585022,9699064,187.84830716698508,37.569661433397016,ok,350.9387519234968,0.0,4.774305555555556e-05,4.774305555555556e-05,7.645212922701727
b20b69d2-7767e6b6,2,5,412495,6036782,167.88656453317233,33.57731290663447,ok,113.88521602186145,0.0,2.218364197530864e-05,2.218364197530864e-05,7.639698649012324
b20b69d2-7767e6b6,3,7,352476,4323778,169.5109889485453,33.902197789709064,ok,49.52045715357613,0.0,1.3503086419753087e-05,1.3503086419753087e-05,7.635234557072035
b20b69d2-7767e6b6,4,9,302721,3502054,161.7637216900895,32.3527443380179,ok,28.68581404237264,0.0,5.787037037037037e-06,5.787037037037037e-06,7.630587353175811
b20b69d2-7767e6b6,5,11,267704,2986778,154.90070292019453,30.980140584038907,ok,19.018977620107783,0.0,0.0,0.0,7.6267517655996855
b20b69d2-bd242bf0,0,1,1053091,14483645,276.7113450600389,55.34226901200778,ok,791.8053356333795,2.218364197530864e-05,0.0007499035493827161,0.0007720871913580248,7.543152090558132
b20b69d2-bd242bf0,1,3,579795,9461484,188.49283053895857,37.69856610779171,ok,303.71942300648556,1.4467592592592592e-06,0.0005652006172839506,0.0005666473765432099,7.537492859185791
b20b69d2-bd242bf0,2,5,415731,5927840,170.75136079729666,34.150272159459334,ok,98.08630786106765,0.0,0.0004190779320987654,0.0004190779320987654,7.535302348362155
b20b69d2-bd242bf0,3,7,354875,4267884,171.7786170774945,34.3557234154989,ok,44.08121911704447,0.0,0.0002941743827160494,0.0002941743827160494,7.533866556451496
b20b69d2-bd242bf0,4,9,306549,3498920,163.88261959188495,32.77652391837699,ok,27.588371905706452,0.0,0.00016010802469135801,0.00016010802469135801,7.531823033011037
b20b69d2-bd242bf0,5,11,273003,3010658,157.33911661292092,31.467823322584184,ok,18.964961388257773,0.0,6.221064814814815e-05,6.221064814814815e-05,7.52918713981798
b20b69d2-ca16c907,0,1,1071091,14322275,283.02211100300275,56.60442220060055,ok,908.3766686239211,1.9290123456790124e-06,0.00318287037037037,0.0031847993827160493,7.645459839342117
b20b69d2-ca16c907,1,3,611811,9269708,200.94826190684674,40.18965238136935,ok,335.28341420001624,0.0,0.0025728202160493828,0.0025728202160493828,7.63534815227815
b20b69d2-ca16c907,2,5,454053,5938046,186.33085238022207,37.266170476044415,ok,115.09290493468448,0.0,0.002118537808641975,0.002118537808641975,7.623560599534873
b20b69d2-ca16c907,3,7,389775,4381488,186.2100715247604,37.24201430495208,ok,54.54324644010056,0.0,0.0017563657407407408,0.0017563657407407408,7.613620075063152
b20b69d2-ca16c907,4,9,341369,3570194,180.66672499716535,36.13334499943307,ok,32.75641782014367,0.0,0.0014443479938271604,0.0014443479938271604,7.604235246956007
b20b69d2-ca16c907,5,11,308191,3055904,176.29910133766285,35.25982026753257,ok,22.16629822358856,0.0,0.0011747685185185186,0.0011747685185185186,7.596308096638523
b20b69d2-e31380a7,0,1,919667,11511041,271.0649112567286,54.212982251345714,ok,651.108880220356,7.2337962962962966e-06,0.0013917824074074073,0.0013990162037037035,7.390198210119231
b20b69d2-e31380a7,1,3,522813,7685634,188.58473181978204,37.71694636395641,ok,252.54034267296439,0.0,0.0010059799382716049,0.0010059799382716049,7.378335191145199
b20b69d2-e31380a7,2,5,374445,5062550,166.41917817892707,33.283835635785415,ok,88.07565155812027,0.0,0.0006814236111111112,0.0006814236111111112,7.36307520355134
b20b69d2-e31380a7,3,7,321459,3845350,163.92970293112882,32.78594058622576,ok,43.93558584210616,0.0,0.0004523533950617284,0.0004523533950617284,7.35008038555549
b20b69d2-e31380a7,4,9,282885,3226560,157.48530896793037,31.497061793586074,ok,28.139139442572,0.0,0.0003071952160493827,0.0003071952160493827,7.33898268422547
b20b69d2-e31380a7,5,11,254219,2818480,151.4260268346255,30.2852053669251,ok,19.71471819853095,0.0,0.0002160493827160494,0.0002160493827160494,7.329513900010407
b20b69d2-ffc1d6af,0,1,1160343,15955875,290.48658030562746,58.09731606112549,ok,1054.3409524254319,0.0,0.004855324074074074,0.004855324074074074,7.366691669501522
b20b69d2-ffc1d6af,1,3,643056,10010580,203.2446742940848,40.64893485881696,ok,361.08080812254764,0.0,0.004308931327160494,0.004308931327160494,7.356737580229819
b20b69d2-ffc1d6af,2,5,472675,6284424,188.55145740237742,37.71029148047548,ok,120.74499791688906,0.0,0.0038599537037037036,0.0038599537037037036,7.354135338994574
b20b69d2-ffc1d6af,3,7,403111,4580916,188.34256692567345,37.66851338513469,ok,56.11162033463305,0.0,0.003546971450617284,0.003546971450617284,7.35426451361943
b20b69d2-ffc1d6af,4,9,350483,3697748,182.26291094157975,36.45258218831595,ok,32.851113037510316,0.0,0.003279320987654321,0.003279320987654321,7.354704399259351
b20b69d2-ffc1d6af,5,11,312442,3165602,175.60676938919144,35.12135387783829,ok,22.349540701624626,0.0,0.003056037808641975,0.003056037808641975,7.3552658098326225
b20d494a-cdebe83e,0,1,603123,4988263,270.0419398031641,54.00838796063282,ok,180.53905359504796,2.218364197530864e-05,0.0018923611111111112,0.0019145447530864198,7.395173881083147
b20d494a-cdebe83e,1,3,406205,3698812,211.2098343218714,42.24196686437428,ok,85.085536059935,0.0,0.001902488425925926,0.001902488425925926,7.39402397252994
b20d494a-cdebe83e,2,5,307755,2974962,178.42857462469613,35.68571492493923,ok,39.80742339522748,0.0,0.0019087577160493826,0.0019087577160493826,7.393232754640304
b20d494a-cdebe83e,3,7,269807,2457494,172.1103468939827,34.422069378796536,ok,20.699837789351864,0.0,0.0019087577160493826,0.0019087577160493826,7.393470843776819
b20d494a-cdebe83e,4,9,249487,2146030,170.306030455872,34.0612060911744,ok,13.377067732412499,0.0,0.0019169560185185186,0.0019169560185185186,7.3925023889223205
b20d494a-cdebe83e,5,11,235267,1987160,166.89548823179572,33.37909764635914,ok,10.40504627908998,0.0,0.0019266010802469135,0.0019266010802469135,7.391665191425565
b20e291a-6012d836,0,1,1052179,15161126,270.223989274254,54.0447978548508,ok,950.6682696750325,0.0023447145061728397,1.4949845679012346e-05,0.002359664351851852,7.488590072064669
b20e291a-6012d836,1,3,597493,10020266,188.75271028475933,37.750542056951865,ok,381.863143658491,0.0022887731481481483,0.0,0.0022887731481481483,7.479793660509926
b20e291a-6012d836,2,5,444227,6592722,173.0105432685593,34.60210865371186,ok,137.28695987383057,0.0022743055555555555,0.0,0.0022743055555555555,7.470351912507376
b20e291a-6012d836,3,7,385901,4889630,174.5170669766959,34.90341339533918,ok,63.90843152374466,0.002179301697530864,0.0,0.002179301697530864,7.460835189609568
b20e291a-6012d836,4,9,338597,4029664,168.67421131769373,33.734842263538745,ok,38.61794559273423,0.0021021412037037037,0.0,0.0021021412037037037,7.450735048292761
b20e291a-6012d836,5,11,302291,3497060,161.64924310345532,32.32984862069107,ok,26.69426095102895,0.001851851851851852,0.0,0.001851851851851852,7.440886979077856
b20ff95c-b9444127,0,1,915567,11303750,272.31957397418046,54.46391479483609,ok,558.3959743137679,0.019146412037037038,0.012796103395061728,0.031942515432098764,7.349101385956274
b20ff95c-b9444127,1,3,597369,7954909,211.79956973918502,42.359913947837,ok,244.16730187872938,0.018616415895061727,0.012188946759259259,0.030805362654320986,7.349634489675173
b20ff95c-b9444127,2,5,467943,5598082,197.7758807303283,39.55517614606566,ok,96.60856844397767,0.0177734375,0.011577449845679013,0.029350887345679012,7.34941360514563
b20ff95c-b9444127,3,7,405393,4292106,195.67756071643706,39.135512143287414,ok,47.574940199604214,0.016294849537037037,0.011025270061728395,0.02732011959876543,7.3488189077526505
b20ff95c-b9444127,4,9,359609,3617856,189.06229000363192,37.81245800072638,ok,29.936508487594807,0.014495563271604938,0.010533854166666667,0.025029417438271605,7.347416420534608
b20ff95c-b9444127,5,11,323649,3194384,181.0842624319931,36.21685248639862,ok,21.229463620609568,0.012518807870370371,0.010073784722222222,0.022592592592592595,7.345032440006266
b2169b74-fa197951,0,1,943985,10925070,285.5965647043163,57.11931294086325,ok,467.3583401079138,0.0,0.00043933256172839504,0.00043933256172839504,7.653549605597074
b2169b74-fa197951,1,3,528021,6885870,201.2202969711587,40.24405939423174,ok,164.543162027377,0.0,0.00024546682098765434,0.00024546682098765434,7.647281456068447
b2169b74-fa197951,2,5,371145,4537278,174.23922049708574,34.847844099417145,ok,55.702002010444644,0.0,8.53587962962963e-05,8.53587962962963e-05,7.641105801506868
b2169b74-fa197951,3,7,316711,3537230,168.39589392509237,33.67917878501847,ok,28.034255375599976,0.0,3.18287037037037e-05,3.18287037037037e-05,7.636181461916819
b2169b74-fa197951,4,9,277443,3063108,158.5231220775509,31.70462441551018,ok,18.818919618755107,0.0,4.340277777777778e-06,4.340277777777778e-06,7.6318105439543675
b2169b74-fa197951,5,11,248413,2768292,149.30294382607025,29.86058876521405,ok,14.31851848055969,0.0,0.0,0.0,7.628005026958778
b2208b0f-2796a692,0,1,979949,11322985,291.2212140738056,58.244242814761115,ok,633.3172495753154,9.645061728395062e-07,1.54320987654321e-05,1.6396604938271605e-05,7.452837879210394
b2208b0f-2796a692,1,3,560149,7245032,208.10542941364588,41.621085882729176,ok,221.72126925654067,0.0,1.4467592592592592e-06,1.4467592592592592e-06,7.446294755529511
b2208b0f-2796a692,2,5,407466,4742718,187.10169621763723,37.420339243527444,ok,74.0785956707925,0.0,0.0,0.0,7.44235176071936
b2208b0f-2796a692,3,7,353729,3631280,185.6268510765513,37.12537021531026,ok,36.956835310437036,0.0,0.0,0.0,7.4401045341772
b2208b0f-2796a692,4,9,313997,3077928,178.97660698349173,35.79532139669835,ok,23.42614923291618,0.0,0.0,0.0,7.438440302740927
b2208b0f-2796a692,5,11,287511,2725590,174.15028984549716,34.83005796909943,ok,16.743379181577076,0.0,0.0,0.0,7.4367335871281535
b231a630-c4522992,0,1,892204,11099878,267.79660273573523,53.559320547147045,ok,445.89348530145287,0.0,0.00011429398148148148,0.00011429398148148148,7.436732946466727
b231a630-c4522992,1,3,536867,7688376,193.6196374193455,38.723927483869105,ok,190.39125479050617,0.0,2.845293209876543e-05,2.845293209876543e-05,7.434436876319502
b231a630-c4522992,2,5,400915,5482818,171.21838270918087,34.24367654183617,ok,80.42409132445945,0.0,4.822530864197531e-06,4.822530864197531e-06,7.4322699118979605
b231a630-c4522992,3,7,343853,4213234,167.51936869009558,33.50387373801912,ok,41.068105689499895,0.0,0.0,0.0,7.429907694458381
b231a630-c4522992,4,9,301643,3507046,161.07291570989202,32.2145831419784,ok,25.68907015603195,0.0,0.0,0.0,7.427558372460194
b231a630-c4522992,5,11,268153,3071574,153.00378294799924,30.600756589599847,ok,18.264768505122607,0.0,0.0,0.0,7.425201582641485
b2331b83-a28e6b57,0,1,766375,9541376,248.1051755328671,49.621035106573416,ok,310.51633680555545,0.026918885030864197,0.0008048804012345679,0.027723765432098764,7.714901161292127
b2331b83-a28e6b57,1,3,515549,6857100,196.87914166151137,39.37582833230228,ok,141.6038039728687,0.02679783950617284,0.0005917245370370371,0.02738956404320988,7.714240105004299
b2331b83-a28e6b57,2,5,408823,5085114,181.29464406244603,36.2589288124892,ok,65.62758847718389,0.026793016975308642,0.0004118441358024691,0.02720486111111111,7.713441499038421
b2331b83-a28e6b57,3,7,356143,4002392,178.01828048926146,35.603656097852294,ok,35.4755707992742,0.026715856481481483,0.00025318287037037036,0.026969039351851853,7.7120255623689316
b2331b83-a28e6b57,4,9,321489,3365142,175.2525800321883,35.05051600643766,ok,23.080397354480866,0.026555266203703704,9.596836419753087e-05,0.026651234567901236,7.710103871354381
b2331b83-a28e6b57,5,11,294021,2976306,170.42745566769187,34.085491133538376,ok,17.09871141867769,0.02648244598765432,2.0736882716049384e-05,0.02650318287037037,7.707862263386549
b245e52e-0a0e4e69,0,1,836649,8606898,285.1805933044759,57.036118660895184,ok,422.6514466842275,0.012533275462962963,0.0005362654320987655,0.013069540895061729,7.4797795447223265
b245e52e-0a0e4e69,1,3,468301,5858792,193.47330263523514,38.69466052704703,ok,168.2151581741898,0.01220534336419753,0.0003751929012345679,0.012580536265432098,7.481590869726492
b245e52e-0a0e4e69,2,5,314543,4148468,154.4315933844255,30.8863186768851,ok,63.717048605737816,0.011845100308641976,0.00023051697530864198,0.012075617283950617,7.484189854582051
b245e52e-0a0e4e69,3,7,264537,3251574,146.70320536359716,29.340641072719432,ok,32.21109952578076,0.011438560956790123,0.00012393904320987653,0.0115625,7.487527207791683
b245e52e-0a0e4e69,4,9,232119,2762958,139.64440801301254,27.92888160260251,ok,20.290678989706564,0.011098090277777778,5.4494598765432097e-05,0.01115258487654321,7.491960123609032
b245e52e-0a0e4e69,5,11,208505,2471446,132.62973779566568,26.525947559133137,ok,14.798927465786829,0.01078076774691358,1.3020833333333334e-05,0.010793788580246913,7.497153617747781
b24702e3-0456c83c,0,1,1138681,14844908,295.53799243191656,59.10759848638331,ok,1052.5465218130862,0.05156057098765432,9.596836419753087e-05,0.05165653935185185,7.4567141915106285
b24702e3-0456c83c,1,3,595327,9443614,193.72535525821021,38.74507105164204,ok,359.9118575958868,0.051056134259259256,5.5459104938271606e-05,0.05111159336419753,7.452103292768372
b24702e3-0456c83c,2,5,420489,5885902,173.31977864749658,34.663955729499314,ok,110.85699842460639,0.050982349537037036,3.809799382716049e-05,0.051020447530864196,7.446119052319858
b24702e3-0456c83c,3,7,359495,4317780,173.00657130840733,34.601314261681466,ok,50.321925126799854,0.05064525462962963,2.507716049382716e-05,0.05067033179012345,7.439999728293056
b24702e3-0456c83c,4,9,312535,3552302,165.82259977912807,33.16451995582561,ok,30.240270051275836,0.05036217206790124,1.0127314814814815e-05,0.05037229938271605,7.4336271548884865
b24702e3-0456c83c,5,11,280853,3096392,159.60669287289144,31.92133857457829,ok,21.02238811644669,0.05006076388888889,0.0,0.05006076388888889,7.427679452155672
b24702e3-e6f33768,0,1,1157321,14542976,303.47798366906386,60.69559673381277,ok,1034.1893161156931,0.03115403163580247,8.150077160493827e-05,0.031235532407407406,7.490823571624081
b24702e3-e6f33768,1,3,597859,9267866,196.38526470362802,39.2770529407256,ok,357.34411629979326,0.030969328703703704,3.423996913580247e-05,0.031003568672839505,7.488898655015839
b24702e3-e6f33768,2,5,416851,5803882,173.0300608936261,34.60601217872522,ok,111.47513310127056,0.030736882716049383,8.198302469135803e-06,0.03074508101851852,7.486996278087995
b24702e3-e6f33768,3,7,356767,4251152,173.03396507212102,34.606793014424206,ok,50.33602622563357,0.03054494598765432,0.0,0.03054494598765432,7.4854376515617
b24702e3-e6f33768,4,9,308369,3481268,165.27302778388872,33.054605556777744,ok,30.355046290923053,0.030144193672839506,0.0,0.030144193672839506,7.484483079817297
b24702e3-e6f33768,5,11,276167,3020484,158.90351807422164,31.780703614844327,ok,20.993545517156164,0.029913676697530863,0.0,0.029913676697530863,7.482543020683874
b24702e3-f56e0731,0,1,1075041,15912884,269.4949176116362,53.89898352232724,ok,1001.8085878803515,0.03256124614197531,0.0022545331790123457,0.03481577932098765,7.57675007411744
b24702e3-f56e0731,1,3,582913,10349566,181.19352407177573,36.238704814355145,ok,374.96286641103893,0.032415123456790124,0.0021064814814814813,0.034521604938271604,7.57551985177192
b24702e3-f56e0731,2,5,417473,6520824,163.48471461608202,32.696942923216405,ok,125.64351273114555,0.03230275848765432,0.001960841049382716,0.03426359953703704,7.576026267861163
b24702e3-f56e0731,3,7,356243,4727672,163.84103031737794,32.76820606347559,ok,57.00578315918264,0.032122878086419754,0.0017901234567901235,0.03391300154320988,7.577372004010032
b24702e3-f56e0731,4,9,312513,3860260,159.05957203717102,31.811914407434205,ok,34.20089089076018,0.031822916666666666,0.0016358024691358025,0.03345871913580247,7.578420413795806
b24702e3-f56e0731,5,11,285691,3358862,155.88361858261024,31.176723716522048,ok,24.363636170811347,0.03153935185185185,0.0014742476851851852,0.03301359953703704,7.5788093860622965
b24b3585-221ac8ac,0,1,885931,8500737,303.8586531869938,60.77173063739876,ok,495.6363648834018,4.0027006172839503e-05,0.005743634259259259,0.005783661265432099,7.337252630660472
b24b3585-221ac8ac,1,3,516835,5804402,214.52266069051413,42.90453213810282,ok,198.7707902511051,7.2337962962962966e-06,0.005100790895061729,0.005108024691358025,7.3341117314876065
b24b3585-221ac8ac,2,5,367659,4026628,183.22066160641245,36.64413232128249,ok,72.84680923673932,0.0,0.004575617283950617,0.004575617283950617,7.332419432240412
b24b3585-221ac8ac,3,7,314491,3090274,178.8997474480169,35.77994948960338,ok,34.81247680178085,0.0,0.00415991512345679,0.00415991512345679,7.3323644082872494
b24b3585-221ac8ac,4,9,275695,2597112,171.07381892868756,34.21476378573751,ok,21.438622561927854,0.0,0.0037880979938271606,0.0037880979938271606,7.333678668144179
b24b3585-221ac8ac,5,11,244843,2297664,161.52674157919375,32.30534831583875,ok,15.266427422458474,0.0,0.003463059413580247,0.003463059413580247,7.335676341932357
b24f7455-e8c55d6a,0,1,1082369,17409508,259.40724193302185,51.88144838660437,ok,1142.8579608888056,2.170138888888889e-05,0.00126929012345679,0.001290991512345679,7.608665201725537
b24f7455-e8c55d6a,1,3,609981,11411070,180.57312866973908,36.11462573394782,ok,446.6325230918517,2.4112654320987654e-06,0.0007740162037037037,0.0007764274691358025,7.594600711394075
b24f7455-e8c55d6a,2,5,447731,7297282,165.743536133362,33.1487072266724,ok,160.93363422776392,0.0,0.0005082947530864198,0.0005082947530864198,7.5773324532106034
b24f7455-e8c55d6a,3,7,382083,5299012,165.98172110180326,33.19634422036065,ok,74.78367283057182,0.0,0.0003838734567901235,0.0003838734567901235,7.559758591710069
b24f7455-e8c55d6a,4,9,330821,4280684,159.89558982804488,31.979117965608975,ok,44.345794752714326,0.0,0.000277295524691358,0.000277295524691358,7.542734426780177
b24f7455-e8c55d6a,5,11,295381,3663094,154.33290278982275,30.86658055796455,ok,30.09187882985976,0.0,0.00016927083333333334,0.00016927083333333334,7.52659743462307
b250fb0c-01a1b8d3,0,1,965649,13845301,259.51836364735055,51.90367272947011,ok,816.7638096751339,4.340277777777778e-06,0.001388888888888889,0.0013932291666666667,7.50811201476434
b250fb0c-01a1b8d3,1,3,552021,8882196,185.22321719290895,37.04464343858179,ok,292.4894732801568,0.0,0.0011419753086419754,0.0011419753086419754,7.502978975300456
b250fb0c-01a1b8d3,2,5,404437,5845728,167.27520789446191,33.455041578892384,ok,101.92268514416018,0.0,0.0009162808641975308,0.0009162808641975308,7.498786668663902
b250fb0c-01a1b8d3,3,7,351225,4430254,166.86724970480853,33.373449940961706,ok,50.08945408648368,0.0,0.0007093942901234567,0.0007093942901234567,7.495820171562155
b250fb0c-01a1b8d3,4,9,311183,3703634,161.69695151098455,32.33939030219691,ok,32.305470609171245,0.0,0.0005107060185185185,0.0005107060185185185,7.493369750864163
b250fb0c-01a1b8d3,5,11,281229,3235138,156.35569240485913,31.271138480971825,ok,22.96736880334553,0.0,0.00035927854938271606,0.00035927854938271606,7.491662401499834
b251064f-8d92db81,0,1,965371,13297995,264.7287845634113,52.945756912682256,ok,814.8787850193736,9.162808641975309e-06,9.645061728395062e-06,1.8807870370370372e-05,7.078160426995033
b251064f-8d92db81,1,3,563321,8727082,190.68714358810675,38.13742871762135,ok,306.705501971879,0.0,9.645061728395062e-07,9.645061728395062e-07,7.070075059227596
b251064f-8d92db81,2,5,421507,5528710,179.26391886300854,35.85278377260171,ok,104.71845610529057,0.0,0.0,0.0,7.068623282590768
b251064f-8d92db81,3,7,368989,4212252,179.7861560210326,35.95723120420652,ok,52.01579036898912,0.0,0.0,0.0,7.070485551244985
b251064f-8d92db81,4,9,331577,3519350,176.74745458318557,35.349490916637116,ok,32.50281166748455,0.0,0.0,0.0,7.071473508155487
b251064f-8d92db81,5,11,305943,2963248,177.7282730589633,35.54565461179266,ok,21.560744337451993,0.0,0.0,0.0,7.071627472002628
b259c5e1-cda39ef9,0,1,958633,13799750,258.05766644731193,51.611533289462386,ok,680.6144943862136,0.004503761574074074,0.004239486882716049,0.008743248456790123,7.703366152901113
b259c5e1-cda39ef9,1,3,594725,9319832,194.81040673375,38.96208134675,ok,283.6272746038228,0.004371624228395062,0.003084490740740741,0.007456114969135803,7.695487779000428
b259c5e1-cda39ef9,2,5,461867,6477702,181.47067346229306,36.29413469245861,ok,119.27564306838211,0.004183545524691358,0.0022275270061728396,0.006411072530864198,7.688028207344296
b259c5e1-cda39ef9,3,7,401649,4891650,181.60132055951453,36.32026411190291,ok,60.65306697628733,0.004056230709876543,0.0016358024691358025,0.005692033179012346,7.6820798056145545
b259c5e1-cda39ef9,4,9,358001,4006662,178.851623273477,35.7703246546954,ok,36.769249450878036,0.003937596450617284,0.00123022762345679,0.005167824074074074,7.677524347476759
b259c5e1-cda39ef9,5,11,323941,3454450,174.2916025041638,34.85832050083276,ok,25.258902192553794,0.0038358410493827162,0.000849729938271605,0.004685570987654321,7.67347092574278
b25fdb41-4644e3f7,0,1,1249210,29277798,230.8693323901242,46.17386647802484,ok,2287.184152304454,0.0018880208333333333,0.003913483796296296,0.0058015046296296295,7.483289119671032
b25fdb41-4644e3f7,1,3,660563,18153700,155.03568300469354,31.007136600938708,ok,806.7347569398852,0.0016179591049382716,0.002610918209876543,0.004228877314814815,7.459984089068259
b25fdb41-4644e3f7,2,5,466636,9713228,149.7257334177087,29.945146683541743,ok,221.21894289788565,0.0014641203703703704,0.0015557484567901235,0.003019868827160494,7.435224386863812
b25fdb41-4644e3f7,3,7,389009,6865042,148.46977482614113,29.693954965228226,ok,102.38428433295819,0.001292920524691358,0.0009500385802469136,0.0022429591049382717,7.415088242530175
b25fdb41-4644e3f7,4,9,328915,5428906,141.16515804392102,28.233031608784206,ok,61.146560534884735,0.0011009837962962963,0.0005454282407407407,0.001646412037037037,7.397899771193311
b25fdb41-4644e3f7,5,11,290883,4324854,139.8725894906768,27.97451789813536,ok,38.00703894755465,0.0009712577160493828,0.0002744020061728395,0.0012456597222222222,7.384240230059782
b26331b9-102f5d9a,0,1,1063589,14618162,278.18099221151886,55.63619844230377,ok,974.7062457774241,0.014405864197530864,0.00035927854938271606,0.01476514274691358,7.832279929474908
b26331b9-102f5d9a,1,3,581465,9430788,189.34314537160077,37.868629074320154,ok,359.41339483470836,0.014015721450617283,0.00010947145061728395,0.014125192901234568,7.827376022252766
b26331b9-102f5d9a,2,5,417773,6103260,169.10616204535202,33.821232409070404,ok,126.2538692727385,0.013638117283950616,2.4594907407407408e-05,0.013662712191358024,7.8257924413271365
b26331b9-102f5d9a,3,7,360973,4638824,167.59874842227978,33.51974968445596,ok,62.18012731360926,0.012907986111111111,1.4467592592592592e-06,0.012909432870370371,7.82589949322442
b26331b9-102f5d9a,4,9,318577,3840636,162.5596831224877,32.511936624497544,ok,38.538090222393095,0.0119921875,0.0,0.0119921875,7.82568499501776
b26331b9-102f5d9a,5,11,286551,3346646,156.63796790100383,31.327593580200766,ok,26.859413565477915,0.011225405092592592,0.0,0.011225405092592592,7.824589307633125
b265b9cf-2d517da6,0,1,1166553,19234751,265.98747734078626,53.19749546815725,ok,1469.3799440351252,0.00042631172839506173,0.009123746141975309,0.00955005787037037,7.634581192414375
b265b9cf-2d517da6,1,3,629647,12149556,180.6412521164493,36.128250423289856,ok,522.3466819924868,0.0003891782407407407,0.007701581790123457,0.008090760030864197,7.625423563761771
b265b9cf-2d517da6,2,5,450287,7374456,165.8152287910829,33.163045758216576,ok,168.0830767572311,0.0003959297839506173,0.006811342592592593,0.0072072723765432105,7.614398949785114
b265b9cf-2d517da6,3,7,387053,5376534,166.92417547446217,33.38483509489244,ok,79.50006553890523,0.00039544753086419754,0.006266396604938272,0.006661844135802469,7.60429277999037
b265b9cf-2d517da6,4,9,335787,4363970,160.73964329092897,32.14792865818579,ok,47.580358709189326,0.0003935185185185185,0.0059100115740740745,0.006303530092592593,7.594134951387481
b265b9cf-2d517da6,5,11,300819,3675750,156.90337315054506,31.380674630109013,ok,31.533695943444062,0.00038580246913580245,0.005616319444444445,0.006002121913580247,7.58465632093422
b2694461-db4f4470,0,1,947637,12687100,266.04850796525216,53.20970159305043,ok,940.9062913293868,0.0,0.0011197916666666667,0.0011197916666666667,7.299183863591416
b2694461-db4f4470,1,3,545811,8590664,186.2211127453625,37.2442225490725,ok,361.2124455675583,0.0,0.0007826967592592592,0.0007826967592592592,7.283565202106125
b2694461-db4f4470,2,5,401685,5741124,167.64366654873112,33.52873330974622,ok,129.2951002226699,0.0,0.0005893132716049382,0.0005893132716049382,7.270065622216797
b2694461-db4f4470,3,7,348501,4302952,168.00444716008164,33.60088943201633,ok,62.97573685890107,0.0,0.00045621141975308644,0.00045621141975308644,7.261429435022007
b2694461-db4f4470,4,9,309369,3474724,165.9650482530061,33.19300965060122,ok,37.3595291425205,0.0,0.00034288194444444443,0.00034288194444444443,7.252327814028247
b2694461-db4f4470,5,11,280893,2984688,162.58910736832576,32.51782147366515,ok,25.125592147244333,0.0,0.00025752314814814816,0.00025752314814814816,7.243898430609547
b2715214-13e3dd85,0,1,942681,12487663,266.7621253092139,53.35242506184278,ok,674.2720736094955,0.0,0.00023775077160493826,0.00023775077160493826,7.553195029531961
b2715214-13e3dd85,1,3,544581,8247516,189.62731759591554,37.92546351918311,ok,264.08422993705733,0.0,0.000193383487654321,0.000193383487654321,7.543074845940804
b2715214-13e3dd85,2,5,402115,5355326,173.7630044666072,34.75260089332144,ok,93.1494907273449,0.0,0.0001552854938271605,0.0001552854938271605,7.5319405826602015
b2715214-13e3dd85,3,7,350323,3993210,175.3103578646251,35.06207157292502,ok,43.49408756911453,0.0,0.00011236496913580248,0.00011236496913580248,7.522821114296514
b2715214-13e3dd85,4,9,311825,3337546,170.68576421533322,34.137152843066644,ok,26.864918945011095,0.0,6.26929012345679e-05,6.26929012345679e-05,7.514371794180608
b2715214-13e3dd85,5,11,285345,2940006,166.4164136765782,33.28328273531564,ok,19.367739172510266,0.0,2.025462962962963e-05,2.025462962962963e-05,7.50727938093136
b2715214-d38332ea,0,1,1152995,18805661,265.87844030132817,53.175688060265635,ok,1304.3420352807996,1.4467592592592592e-06,0.001349344135802469,0.0013507908950617282,7.5855395501861835
b2715214-d38332ea,1,3,631515,11763008,184.12996659147373,36.82599331829475,ok,451.0933967843684,0.0,0.0008969907407407407,0.0008969907407407407,7.572793174640653
b2715214-d38332ea,2,5,460311,7243954,171.0265406667853,34.205308133357065,ok,146.49953118950899,0.0,0.0005888310185185185,0.0005888310185185185,7.559010149439693
b2715214-d38332ea,3,7,391755,5314220,169.939674997399,33.987934999479805,ok,69.90291078377342,0.0,0.0004070216049382716,0.0004070216049382716,7.5468154725802306
b2715214-d38332ea,4,9,339833,4330168,163.31014946388183,32.66202989277637,ok,42.466724174811375,0.0,0.0003023726851851852,0.0003023726851851852,7.534634031108851
b2715214-d38332ea,5,11,302327,3693900,157.302044557815,31.460408911563,ok,28.509291907323426,0.0,0.000236304012345679,0.000236304012345679,7.522719583353595
